ASIN,Title
B005FNK020,タイトル取得失敗
B00ENC7ON2,会社を変える分析の力 (講談社現代新書)
B00H8LHYEE,知ってそうで知らなかった ほんとうの株のしくみ (PHP文庫)
B00HK6ZSL8,回避性愛着障害～絆が稀薄な人たち～ (光文社新書)
B00MOYKHI0,ビッグデータ時代のマーケティング―ベイジアンモデリングの活用 (ＫＳ理工学専門書)
B01HXSCGZ8,改訂２版　ネット広告ハンドブック
B06WRWQ98X,マンガでわかるWebマーケティング 改訂版 Webマーケッター瞳の挑戦!
B06XRQS8PN,ゲームを作りながら楽しく学べるPythonプログラミング (Future Coders（NextPublishing）)
B077ML63W5,最強のデータ分析組織
B07FKN4KHM,アンケート分析入門 Excelによる集計・評価・分析
B07G21Y4GW,いちばんやさしい新しいSEOの教本 第2版 人気講師が教える検索に強いサイトの作り方［MFI対応］ 「いちばんやさしい教本」シリーズ
B07GYSHHHW,シングル&シンプルマーケティング ~個客に深く長く寄り添い、利益を伸ばす
B07MT9BQFX,スキップとローファー（１） (アフタヌーンコミックス)
B07MTN11X3,せっくすが気持ち悪くてできない男の話
B07V8RLL7M,スキップとローファー（２） (アフタヌーンコミックス)
B084RDL3VJ,スキップとローファー（３） (アフタヌーンコミックス)
B0868GMSBG,「具体⇔抽象」トレーニング 思考力が飛躍的にアップする29問 (PHPビジネス新書)
B08FDD18G6,スキップとローファー（４） (アフタヌーンコミックス)
B08X1WGRVD,改訂版　マーケティング用語図鑑
B08YRJZQN7,スキップとローファー（５） (アフタヌーンコミックス)
B08ZCS77ZB,峰くんはノンセクシャル
B09F68P65F,米国会社四季報2021年版秋冬号 (週刊東洋経済臨時増刊)
B09LCN1P94,スキップとローファー（６） (アフタヌーンコミックス)
B09LGVLXQ2,狙われる18歳！？　消費者被害から身を守る18のQ＆A (岩波ブックレット)
B09MSX9MQV,実践的データ基盤への処方箋〜 ビジネス価値創出のためのデータ・システム・ヒトのノウハウ
B09MT5GQC4,暇と退屈の倫理学（新潮文庫）
B09QM97JJM,言葉のズレと共感幻想
B09S5ZW33G,［エンジニアのための］データ分析基盤入門　データ活用を促進する！ プラットフォーム＆データ品質の考え方
B09SPGL2ZH,スモールデータ解析と機械学習
B0B3LPVZBM,スキップとローファー（７） (アフタヌーンコミックス)
B0BKZ5HLLB,スキゾイド、本音を語る (みきやbooks)
B0BRZRD2D1,スキップとローファー（８） (アフタヌーンコミックス)
B0BT7GBF5L,評価指標入門〜データサイエンスとビジネスをつなぐ架け橋
B0CF582KFG,スキップとローファー（９） (アフタヌーンコミックス)
B0CKVRVTWL,路傍のフジイ（１） (ビッグコミックス)
B0CP26YYRJ,Ｐｙｔｈｏｎでスラスラわかる　ベイズ推論「超」入門 (ＫＳ情報科学専門書)
B0CQ1Y125P,戦略ごっこ―マーケティング以前の問題
B0CTQRLP3H,路傍のフジイ（２） (ビッグコミックス)
B0CWFB2TP5,スキップとローファー（１０） (アフタヌーンコミックス)
B0D49B9XH5,男はなぜ孤独死するのか
B0DCHFSC2F,路傍のフジイ（３） (ビッグコミックス)
B0DP6SSQ67,Streamlit入門　Pythonで学ぶデータ可視化＆アプリ開発ガイド 技術の泉シリーズ
B0DV4WCJZD,Cursor完全入門 エンジニア&Webクリエイターの生産性がアップするAIコードエディターの操り方
B0DWDTKF2R,路傍のフジイ（４） (ビッグコミックス)
